{"name":"1-Days","classpathEntries":[{"kind":"binary","path":"/Library/Java/JavaVirtualMachines/jdk1.8.0_111.jdk/Contents/Home/jre/lib/resources.jar","sourceContainerUrl":"file:/Library/Java/JavaVirtualMachines/jdk1.8.0_111.jdk/Contents/Home/src.zip","javadocContainerUrl":"https://docs.oracle.com/javase/1/docs/api/","isSystem":true,"isOwn":false,"isTest":false,"isJavaContent":false},{"kind":"binary","path":"/Library/Java/JavaVirtualMachines/jdk1.8.0_111.jdk/Contents/Home/jre/lib/rt.jar","sourceContainerUrl":"file:/Library/Java/JavaVirtualMachines/jdk1.8.0_111.jdk/Contents/Home/src.zip","javadocContainerUrl":"https://docs.oracle.com/javase/1/docs/api/","isSystem":true,"isOwn":false,"isTest":false,"isJavaContent":false},{"kind":"binary","path":"/Library/Java/JavaVirtualMachines/jdk1.8.0_111.jdk/Contents/Home/jre/lib/jsse.jar","sourceContainerUrl":"file:/Library/Java/JavaVirtualMachines/jdk1.8.0_111.jdk/Contents/Home/src.zip","javadocContainerUrl":"https://docs.oracle.com/javase/1/docs/api/","isSystem":true,"isOwn":false,"isTest":false,"isJavaContent":false},{"kind":"binary","path":"/Library/Java/JavaVirtualMachines/jdk1.8.0_111.jdk/Contents/Home/jre/lib/jce.jar","sourceContainerUrl":"file:/Library/Java/JavaVirtualMachines/jdk1.8.0_111.jdk/Contents/Home/src.zip","javadocContainerUrl":"https://docs.oracle.com/javase/1/docs/api/","isSystem":true,"isOwn":false,"isTest":false,"isJavaContent":false},{"kind":"binary","path":"/Library/Java/JavaVirtualMachines/jdk1.8.0_111.jdk/Contents/Home/jre/lib/charsets.jar","sourceContainerUrl":"file:/Library/Java/JavaVirtualMachines/jdk1.8.0_111.jdk/Contents/Home/src.zip","javadocContainerUrl":"https://docs.oracle.com/javase/1/docs/api/","isSystem":true,"isOwn":false,"isTest":false,"isJavaContent":false},{"kind":"binary","path":"/Library/Java/JavaVirtualMachines/jdk1.8.0_111.jdk/Contents/Home/jre/lib/jfr.jar","sourceContainerUrl":"file:/Library/Java/JavaVirtualMachines/jdk1.8.0_111.jdk/Contents/Home/src.zip","javadocContainerUrl":"https://docs.oracle.com/javase/1/docs/api/","isSystem":true,"isOwn":false,"isTest":false,"isJavaContent":false},{"kind":"binary","path":"/Users/hakan/.m2/repository/org/springframework/boot/spring-boot-starter-thymeleaf/2.3.3.RELEASE/spring-boot-starter-thymeleaf-2.3.3.RELEASE.jar","sourceContainerUrl":"file:/Users/hakan/.m2/repository/org/springframework/boot/spring-boot-starter-thymeleaf/2.3.3.RELEASE/spring-boot-starter-thymeleaf-2.3.3.RELEASE-sources.jar","javadocContainerUrl":"file:/Users/hakan/.m2/repository/org/springframework/boot/spring-boot-starter-thymeleaf/2.3.3.RELEASE/spring-boot-starter-thymeleaf-2.3.3.RELEASE-javadoc.jar","isSystem":false,"isOwn":false,"isTest":false,"isJavaContent":false},{"kind":"binary","path":"/Users/hakan/.m2/repository/org/springframework/boot/spring-boot-starter/2.3.3.RELEASE/spring-boot-starter-2.3.3.RELEASE.jar","sourceContainerUrl":"file:/Users/hakan/.m2/repository/org/springframework/boot/spring-boot-starter/2.3.3.RELEASE/spring-boot-starter-2.3.3.RELEASE-sources.jar","javadocContainerUrl":"file:/Users/hakan/.m2/repository/org/springframework/boot/spring-boot-starter/2.3.3.RELEASE/spring-boot-starter-2.3.3.RELEASE-javadoc.jar","isSystem":false,"isOwn":false,"isTest":false,"isJavaContent":false},{"kind":"binary","path":"/Users/hakan/.m2/repository/org/springframework/boot/spring-boot-starter-logging/2.3.3.RELEASE/spring-boot-starter-logging-2.3.3.RELEASE.jar","sourceContainerUrl":"file:/Users/hakan/.m2/repository/org/springframework/boot/spring-boot-starter-logging/2.3.3.RELEASE/spring-boot-starter-logging-2.3.3.RELEASE-sources.jar","javadocContainerUrl":"file:/Users/hakan/.m2/repository/org/springframework/boot/spring-boot-starter-logging/2.3.3.RELEASE/spring-boot-starter-logging-2.3.3.RELEASE-javadoc.jar","isSystem":false,"isOwn":false,"isTest":false,"isJavaContent":false},{"kind":"binary","path":"/Users/hakan/.m2/repository/ch/qos/logback/logback-classic/1.2.3/logback-classic-1.2.3.jar","sourceContainerUrl":"file:/Users/hakan/.m2/repository/ch/qos/logback/logback-classic/1.2.3/logback-classic-1.2.3-sources.jar","javadocContainerUrl":"file:/Users/hakan/.m2/repository/ch/qos/logback/logback-classic/1.2.3/logback-classic-1.2.3-javadoc.jar","isSystem":false,"isOwn":false,"isTest":false,"isJavaContent":false},{"kind":"binary","path":"/Users/hakan/.m2/repository/ch/qos/logback/logback-core/1.2.3/logback-core-1.2.3.jar","sourceContainerUrl":"file:/Users/hakan/.m2/repository/ch/qos/logback/logback-core/1.2.3/logback-core-1.2.3-sources.jar","javadocContainerUrl":"file:/Users/hakan/.m2/repository/ch/qos/logback/logback-core/1.2.3/logback-core-1.2.3-javadoc.jar","isSystem":false,"isOwn":false,"isTest":false,"isJavaContent":false},{"kind":"binary","path":"/Users/hakan/.m2/repository/org/apache/logging/log4j/log4j-to-slf4j/2.13.3/log4j-to-slf4j-2.13.3.jar","sourceContainerUrl":"file:/Users/hakan/.m2/repository/org/apache/logging/log4j/log4j-to-slf4j/2.13.3/log4j-to-slf4j-2.13.3-sources.jar","javadocContainerUrl":"file:/Users/hakan/.m2/repository/org/apache/logging/log4j/log4j-to-slf4j/2.13.3/log4j-to-slf4j-2.13.3-javadoc.jar","isSystem":false,"isOwn":false,"isTest":false,"isJavaContent":false},{"kind":"binary","path":"/Users/hakan/.m2/repository/org/apache/logging/log4j/log4j-api/2.13.3/log4j-api-2.13.3.jar","sourceContainerUrl":"file:/Users/hakan/.m2/repository/org/apache/logging/log4j/log4j-api/2.13.3/log4j-api-2.13.3-sources.jar","javadocContainerUrl":"file:/Users/hakan/.m2/repository/org/apache/logging/log4j/log4j-api/2.13.3/log4j-api-2.13.3-javadoc.jar","isSystem":false,"isOwn":false,"isTest":false,"isJavaContent":false},{"kind":"binary","path":"/Users/hakan/.m2/repository/org/slf4j/jul-to-slf4j/1.7.30/jul-to-slf4j-1.7.30.jar","sourceContainerUrl":"file:/Users/hakan/.m2/repository/org/slf4j/jul-to-slf4j/1.7.30/jul-to-slf4j-1.7.30-sources.jar","javadocContainerUrl":"file:/Users/hakan/.m2/repository/org/slf4j/jul-to-slf4j/1.7.30/jul-to-slf4j-1.7.30-javadoc.jar","isSystem":false,"isOwn":false,"isTest":false,"isJavaContent":false},{"kind":"binary","path":"/Users/hakan/.m2/repository/jakarta/annotation/jakarta.annotation-api/1.3.5/jakarta.annotation-api-1.3.5.jar","sourceContainerUrl":"file:/Users/hakan/.m2/repository/jakarta/annotation/jakarta.annotation-api/1.3.5/jakarta.annotation-api-1.3.5-sources.jar","javadocContainerUrl":"file:/Users/hakan/.m2/repository/jakarta/annotation/jakarta.annotation-api/1.3.5/jakarta.annotation-api-1.3.5-javadoc.jar","isSystem":false,"isOwn":false,"isTest":false,"isJavaContent":false},{"kind":"binary","path":"/Users/hakan/.m2/repository/org/yaml/snakeyaml/1.26/snakeyaml-1.26.jar","sourceContainerUrl":"file:/Users/hakan/.m2/repository/org/yaml/snakeyaml/1.26/snakeyaml-1.26-sources.jar","javadocContainerUrl":"file:/Users/hakan/.m2/repository/org/yaml/snakeyaml/1.26/snakeyaml-1.26-javadoc.jar","isSystem":false,"isOwn":false,"isTest":false,"isJavaContent":false},{"kind":"binary","path":"/Users/hakan/.m2/repository/org/thymeleaf/thymeleaf-spring5/3.0.11.RELEASE/thymeleaf-spring5-3.0.11.RELEASE.jar","sourceContainerUrl":"file:/Users/hakan/.m2/repository/org/thymeleaf/thymeleaf-spring5/3.0.11.RELEASE/thymeleaf-spring5-3.0.11.RELEASE-sources.jar","javadocContainerUrl":"file:/Users/hakan/.m2/repository/org/thymeleaf/thymeleaf-spring5/3.0.11.RELEASE/thymeleaf-spring5-3.0.11.RELEASE-javadoc.jar","isSystem":false,"isOwn":false,"isTest":false,"isJavaContent":false},{"kind":"binary","path":"/Users/hakan/.m2/repository/org/thymeleaf/thymeleaf/3.0.11.RELEASE/thymeleaf-3.0.11.RELEASE.jar","sourceContainerUrl":"file:/Users/hakan/.m2/repository/org/thymeleaf/thymeleaf/3.0.11.RELEASE/thymeleaf-3.0.11.RELEASE-sources.jar","javadocContainerUrl":"file:/Users/hakan/.m2/repository/org/thymeleaf/thymeleaf/3.0.11.RELEASE/thymeleaf-3.0.11.RELEASE-javadoc.jar","isSystem":false,"isOwn":false,"isTest":false,"isJavaContent":false},{"kind":"binary","path":"/Users/hakan/.m2/repository/org/attoparser/attoparser/2.0.5.RELEASE/attoparser-2.0.5.RELEASE.jar","sourceContainerUrl":"file:/Users/hakan/.m2/repository/org/attoparser/attoparser/2.0.5.RELEASE/attoparser-2.0.5.RELEASE-sources.jar","javadocContainerUrl":"file:/Users/hakan/.m2/repository/org/attoparser/attoparser/2.0.5.RELEASE/attoparser-2.0.5.RELEASE-javadoc.jar","isSystem":false,"isOwn":false,"isTest":false,"isJavaContent":false},{"kind":"binary","path":"/Users/hakan/.m2/repository/org/unbescape/unbescape/1.1.6.RELEASE/unbescape-1.1.6.RELEASE.jar","sourceContainerUrl":"file:/Users/hakan/.m2/repository/org/unbescape/unbescape/1.1.6.RELEASE/unbescape-1.1.6.RELEASE-sources.jar","javadocContainerUrl":"file:/Users/hakan/.m2/repository/org/unbescape/unbescape/1.1.6.RELEASE/unbescape-1.1.6.RELEASE-javadoc.jar","isSystem":false,"isOwn":false,"isTest":false,"isJavaContent":false},{"kind":"binary","path":"/Users/hakan/.m2/repository/org/slf4j/slf4j-api/1.7.30/slf4j-api-1.7.30.jar","sourceContainerUrl":"file:/Users/hakan/.m2/repository/org/slf4j/slf4j-api/1.7.30/slf4j-api-1.7.30-sources.jar","javadocContainerUrl":"file:/Users/hakan/.m2/repository/org/slf4j/slf4j-api/1.7.30/slf4j-api-1.7.30-javadoc.jar","isSystem":false,"isOwn":false,"isTest":false,"isJavaContent":false},{"kind":"binary","path":"/Users/hakan/.m2/repository/org/thymeleaf/extras/thymeleaf-extras-java8time/3.0.4.RELEASE/thymeleaf-extras-java8time-3.0.4.RELEASE.jar","sourceContainerUrl":"file:/Users/hakan/.m2/repository/org/thymeleaf/extras/thymeleaf-extras-java8time/3.0.4.RELEASE/thymeleaf-extras-java8time-3.0.4.RELEASE-sources.jar","javadocContainerUrl":"file:/Users/hakan/.m2/repository/org/thymeleaf/extras/thymeleaf-extras-java8time/3.0.4.RELEASE/thymeleaf-extras-java8time-3.0.4.RELEASE-javadoc.jar","isSystem":false,"isOwn":false,"isTest":false,"isJavaContent":false},{"kind":"binary","path":"/Users/hakan/.m2/repository/org/springframework/boot/spring-boot-starter-web/2.3.3.RELEASE/spring-boot-starter-web-2.3.3.RELEASE.jar","sourceContainerUrl":"file:/Users/hakan/.m2/repository/org/springframework/boot/spring-boot-starter-web/2.3.3.RELEASE/spring-boot-starter-web-2.3.3.RELEASE-sources.jar","javadocContainerUrl":"file:/Users/hakan/.m2/repository/org/springframework/boot/spring-boot-starter-web/2.3.3.RELEASE/spring-boot-starter-web-2.3.3.RELEASE-javadoc.jar","isSystem":false,"isOwn":false,"isTest":false,"isJavaContent":false},{"kind":"binary","path":"/Users/hakan/.m2/repository/org/springframework/boot/spring-boot-starter-json/2.3.3.RELEASE/spring-boot-starter-json-2.3.3.RELEASE.jar","sourceContainerUrl":"file:/Users/hakan/.m2/repository/org/springframework/boot/spring-boot-starter-json/2.3.3.RELEASE/spring-boot-starter-json-2.3.3.RELEASE-sources.jar","javadocContainerUrl":"file:/Users/hakan/.m2/repository/org/springframework/boot/spring-boot-starter-json/2.3.3.RELEASE/spring-boot-starter-json-2.3.3.RELEASE-javadoc.jar","isSystem":false,"isOwn":false,"isTest":false,"isJavaContent":false},{"kind":"binary","path":"/Users/hakan/.m2/repository/com/fasterxml/jackson/core/jackson-databind/2.11.2/jackson-databind-2.11.2.jar","sourceContainerUrl":"file:/Users/hakan/.m2/repository/com/fasterxml/jackson/core/jackson-databind/2.11.2/jackson-databind-2.11.2-sources.jar","javadocContainerUrl":"file:/Users/hakan/.m2/repository/com/fasterxml/jackson/core/jackson-databind/2.11.2/jackson-databind-2.11.2-javadoc.jar","isSystem":false,"isOwn":false,"isTest":false,"isJavaContent":false},{"kind":"binary","path":"/Users/hakan/.m2/repository/com/fasterxml/jackson/core/jackson-annotations/2.11.2/jackson-annotations-2.11.2.jar","sourceContainerUrl":"file:/Users/hakan/.m2/repository/com/fasterxml/jackson/core/jackson-annotations/2.11.2/jackson-annotations-2.11.2-sources.jar","javadocContainerUrl":"file:/Users/hakan/.m2/repository/com/fasterxml/jackson/core/jackson-annotations/2.11.2/jackson-annotations-2.11.2-javadoc.jar","isSystem":false,"isOwn":false,"isTest":false,"isJavaContent":false},{"kind":"binary","path":"/Users/hakan/.m2/repository/com/fasterxml/jackson/core/jackson-core/2.11.2/jackson-core-2.11.2.jar","sourceContainerUrl":"file:/Users/hakan/.m2/repository/com/fasterxml/jackson/core/jackson-core/2.11.2/jackson-core-2.11.2-sources.jar","javadocContainerUrl":"file:/Users/hakan/.m2/repository/com/fasterxml/jackson/core/jackson-core/2.11.2/jackson-core-2.11.2-javadoc.jar","isSystem":false,"isOwn":false,"isTest":false,"isJavaContent":false},{"kind":"binary","path":"/Users/hakan/.m2/repository/com/fasterxml/jackson/datatype/jackson-datatype-jdk8/2.11.2/jackson-datatype-jdk8-2.11.2.jar","sourceContainerUrl":"file:/Users/hakan/.m2/repository/com/fasterxml/jackson/datatype/jackson-datatype-jdk8/2.11.2/jackson-datatype-jdk8-2.11.2-sources.jar","javadocContainerUrl":"file:/Users/hakan/.m2/repository/com/fasterxml/jackson/datatype/jackson-datatype-jdk8/2.11.2/jackson-datatype-jdk8-2.11.2-javadoc.jar","isSystem":false,"isOwn":false,"isTest":false,"isJavaContent":false},{"kind":"binary","path":"/Users/hakan/.m2/repository/com/fasterxml/jackson/datatype/jackson-datatype-jsr310/2.11.2/jackson-datatype-jsr310-2.11.2.jar","sourceContainerUrl":"file:/Users/hakan/.m2/repository/com/fasterxml/jackson/datatype/jackson-datatype-jsr310/2.11.2/jackson-datatype-jsr310-2.11.2-sources.jar","javadocContainerUrl":"file:/Users/hakan/.m2/repository/com/fasterxml/jackson/datatype/jackson-datatype-jsr310/2.11.2/jackson-datatype-jsr310-2.11.2-javadoc.jar","isSystem":false,"isOwn":false,"isTest":false,"isJavaContent":false},{"kind":"binary","path":"/Users/hakan/.m2/repository/com/fasterxml/jackson/module/jackson-module-parameter-names/2.11.2/jackson-module-parameter-names-2.11.2.jar","sourceContainerUrl":"file:/Users/hakan/.m2/repository/com/fasterxml/jackson/module/jackson-module-parameter-names/2.11.2/jackson-module-parameter-names-2.11.2-sources.jar","javadocContainerUrl":"file:/Users/hakan/.m2/repository/com/fasterxml/jackson/module/jackson-module-parameter-names/2.11.2/jackson-module-parameter-names-2.11.2-javadoc.jar","isSystem":false,"isOwn":false,"isTest":false,"isJavaContent":false},{"kind":"binary","path":"/Users/hakan/.m2/repository/org/springframework/boot/spring-boot-starter-tomcat/2.3.3.RELEASE/spring-boot-starter-tomcat-2.3.3.RELEASE.jar","sourceContainerUrl":"file:/Users/hakan/.m2/repository/org/springframework/boot/spring-boot-starter-tomcat/2.3.3.RELEASE/spring-boot-starter-tomcat-2.3.3.RELEASE-sources.jar","javadocContainerUrl":"file:/Users/hakan/.m2/repository/org/springframework/boot/spring-boot-starter-tomcat/2.3.3.RELEASE/spring-boot-starter-tomcat-2.3.3.RELEASE-javadoc.jar","isSystem":false,"isOwn":false,"isTest":false,"isJavaContent":false},{"kind":"binary","path":"/Users/hakan/.m2/repository/org/apache/tomcat/embed/tomcat-embed-core/9.0.37/tomcat-embed-core-9.0.37.jar","sourceContainerUrl":"file:/Users/hakan/.m2/repository/org/apache/tomcat/embed/tomcat-embed-core/9.0.37/tomcat-embed-core-9.0.37-sources.jar","isSystem":false,"isOwn":false,"isTest":false,"isJavaContent":false},{"kind":"binary","path":"/Users/hakan/.m2/repository/org/glassfish/jakarta.el/3.0.3/jakarta.el-3.0.3.jar","sourceContainerUrl":"file:/Users/hakan/.m2/repository/org/glassfish/jakarta.el/3.0.3/jakarta.el-3.0.3-sources.jar","javadocContainerUrl":"file:/Users/hakan/.m2/repository/org/glassfish/jakarta.el/3.0.3/jakarta.el-3.0.3-javadoc.jar","isSystem":false,"isOwn":false,"isTest":false,"isJavaContent":false},{"kind":"binary","path":"/Users/hakan/.m2/repository/org/apache/tomcat/embed/tomcat-embed-websocket/9.0.37/tomcat-embed-websocket-9.0.37.jar","sourceContainerUrl":"file:/Users/hakan/.m2/repository/org/apache/tomcat/embed/tomcat-embed-websocket/9.0.37/tomcat-embed-websocket-9.0.37-sources.jar","isSystem":false,"isOwn":false,"isTest":false,"isJavaContent":false},{"kind":"binary","path":"/Users/hakan/.m2/repository/org/springframework/spring-web/5.2.8.RELEASE/spring-web-5.2.8.RELEASE.jar","sourceContainerUrl":"file:/Users/hakan/.m2/repository/org/springframework/spring-web/5.2.8.RELEASE/spring-web-5.2.8.RELEASE-sources.jar","javadocContainerUrl":"file:/Users/hakan/.m2/repository/org/springframework/spring-web/5.2.8.RELEASE/spring-web-5.2.8.RELEASE-javadoc.jar","isSystem":false,"isOwn":false,"isTest":false,"isJavaContent":false},{"kind":"binary","path":"/Users/hakan/.m2/repository/org/springframework/spring-beans/5.2.8.RELEASE/spring-beans-5.2.8.RELEASE.jar","sourceContainerUrl":"file:/Users/hakan/.m2/repository/org/springframework/spring-beans/5.2.8.RELEASE/spring-beans-5.2.8.RELEASE-sources.jar","javadocContainerUrl":"file:/Users/hakan/.m2/repository/org/springframework/spring-beans/5.2.8.RELEASE/spring-beans-5.2.8.RELEASE-javadoc.jar","isSystem":false,"isOwn":false,"isTest":false,"isJavaContent":false},{"kind":"binary","path":"/Users/hakan/.m2/repository/org/springframework/spring-webmvc/5.2.8.RELEASE/spring-webmvc-5.2.8.RELEASE.jar","sourceContainerUrl":"file:/Users/hakan/.m2/repository/org/springframework/spring-webmvc/5.2.8.RELEASE/spring-webmvc-5.2.8.RELEASE-sources.jar","javadocContainerUrl":"file:/Users/hakan/.m2/repository/org/springframework/spring-webmvc/5.2.8.RELEASE/spring-webmvc-5.2.8.RELEASE-javadoc.jar","isSystem":false,"isOwn":false,"isTest":false,"isJavaContent":false},{"kind":"binary","path":"/Users/hakan/.m2/repository/org/springframework/spring-aop/5.2.8.RELEASE/spring-aop-5.2.8.RELEASE.jar","sourceContainerUrl":"file:/Users/hakan/.m2/repository/org/springframework/spring-aop/5.2.8.RELEASE/spring-aop-5.2.8.RELEASE-sources.jar","javadocContainerUrl":"file:/Users/hakan/.m2/repository/org/springframework/spring-aop/5.2.8.RELEASE/spring-aop-5.2.8.RELEASE-javadoc.jar","isSystem":false,"isOwn":false,"isTest":false,"isJavaContent":false},{"kind":"binary","path":"/Users/hakan/.m2/repository/org/springframework/spring-context/5.2.8.RELEASE/spring-context-5.2.8.RELEASE.jar","sourceContainerUrl":"file:/Users/hakan/.m2/repository/org/springframework/spring-context/5.2.8.RELEASE/spring-context-5.2.8.RELEASE-sources.jar","javadocContainerUrl":"file:/Users/hakan/.m2/repository/org/springframework/spring-context/5.2.8.RELEASE/spring-context-5.2.8.RELEASE-javadoc.jar","isSystem":false,"isOwn":false,"isTest":false,"isJavaContent":false},{"kind":"binary","path":"/Users/hakan/.m2/repository/org/springframework/spring-expression/5.2.8.RELEASE/spring-expression-5.2.8.RELEASE.jar","sourceContainerUrl":"file:/Users/hakan/.m2/repository/org/springframework/spring-expression/5.2.8.RELEASE/spring-expression-5.2.8.RELEASE-sources.jar","javadocContainerUrl":"file:/Users/hakan/.m2/repository/org/springframework/spring-expression/5.2.8.RELEASE/spring-expression-5.2.8.RELEASE-javadoc.jar","isSystem":false,"isOwn":false,"isTest":false,"isJavaContent":false},{"kind":"binary","path":"/Users/hakan/.m2/repository/org/springframework/boot/spring-boot-starter-test/2.3.3.RELEASE/spring-boot-starter-test-2.3.3.RELEASE.jar","sourceContainerUrl":"file:/Users/hakan/.m2/repository/org/springframework/boot/spring-boot-starter-test/2.3.3.RELEASE/spring-boot-starter-test-2.3.3.RELEASE-sources.jar","javadocContainerUrl":"file:/Users/hakan/.m2/repository/org/springframework/boot/spring-boot-starter-test/2.3.3.RELEASE/spring-boot-starter-test-2.3.3.RELEASE-javadoc.jar","isSystem":false,"isOwn":false,"isTest":false,"isJavaContent":false},{"kind":"binary","path":"/Users/hakan/.m2/repository/org/springframework/boot/spring-boot-test/2.3.3.RELEASE/spring-boot-test-2.3.3.RELEASE.jar","sourceContainerUrl":"file:/Users/hakan/.m2/repository/org/springframework/boot/spring-boot-test/2.3.3.RELEASE/spring-boot-test-2.3.3.RELEASE-sources.jar","javadocContainerUrl":"file:/Users/hakan/.m2/repository/org/springframework/boot/spring-boot-test/2.3.3.RELEASE/spring-boot-test-2.3.3.RELEASE-javadoc.jar","isSystem":false,"isOwn":false,"isTest":false,"isJavaContent":false},{"kind":"binary","path":"/Users/hakan/.m2/repository/org/springframework/boot/spring-boot-test-autoconfigure/2.3.3.RELEASE/spring-boot-test-autoconfigure-2.3.3.RELEASE.jar","sourceContainerUrl":"file:/Users/hakan/.m2/repository/org/springframework/boot/spring-boot-test-autoconfigure/2.3.3.RELEASE/spring-boot-test-autoconfigure-2.3.3.RELEASE-sources.jar","javadocContainerUrl":"file:/Users/hakan/.m2/repository/org/springframework/boot/spring-boot-test-autoconfigure/2.3.3.RELEASE/spring-boot-test-autoconfigure-2.3.3.RELEASE-javadoc.jar","isSystem":false,"isOwn":false,"isTest":false,"isJavaContent":false},{"kind":"binary","path":"/Users/hakan/.m2/repository/com/jayway/jsonpath/json-path/2.4.0/json-path-2.4.0.jar","sourceContainerUrl":"file:/Users/hakan/.m2/repository/com/jayway/jsonpath/json-path/2.4.0/json-path-2.4.0-sources.jar","javadocContainerUrl":"file:/Users/hakan/.m2/repository/com/jayway/jsonpath/json-path/2.4.0/json-path-2.4.0-javadoc.jar","isSystem":false,"isOwn":false,"isTest":false,"isJavaContent":false},{"kind":"binary","path":"/Users/hakan/.m2/repository/net/minidev/json-smart/2.3/json-smart-2.3.jar","sourceContainerUrl":"file:/Users/hakan/.m2/repository/net/minidev/json-smart/2.3/json-smart-2.3-sources.jar","javadocContainerUrl":"file:/Users/hakan/.m2/repository/net/minidev/json-smart/2.3/json-smart-2.3-javadoc.jar","isSystem":false,"isOwn":false,"isTest":false,"isJavaContent":false},{"kind":"binary","path":"/Users/hakan/.m2/repository/net/minidev/accessors-smart/1.2/accessors-smart-1.2.jar","sourceContainerUrl":"file:/Users/hakan/.m2/repository/net/minidev/accessors-smart/1.2/accessors-smart-1.2-sources.jar","javadocContainerUrl":"file:/Users/hakan/.m2/repository/net/minidev/accessors-smart/1.2/accessors-smart-1.2-javadoc.jar","isSystem":false,"isOwn":false,"isTest":false,"isJavaContent":false},{"kind":"binary","path":"/Users/hakan/.m2/repository/org/ow2/asm/asm/5.0.4/asm-5.0.4.jar","sourceContainerUrl":"file:/Users/hakan/.m2/repository/org/ow2/asm/asm/5.0.4/asm-5.0.4-sources.jar","javadocContainerUrl":"file:/Users/hakan/.m2/repository/org/ow2/asm/asm/5.0.4/asm-5.0.4-javadoc.jar","isSystem":false,"isOwn":false,"isTest":false,"isJavaContent":false},{"kind":"binary","path":"/Users/hakan/.m2/repository/jakarta/xml/bind/jakarta.xml.bind-api/2.3.3/jakarta.xml.bind-api-2.3.3.jar","sourceContainerUrl":"file:/Users/hakan/.m2/repository/jakarta/xml/bind/jakarta.xml.bind-api/2.3.3/jakarta.xml.bind-api-2.3.3-sources.jar","javadocContainerUrl":"file:/Users/hakan/.m2/repository/jakarta/xml/bind/jakarta.xml.bind-api/2.3.3/jakarta.xml.bind-api-2.3.3-javadoc.jar","isSystem":false,"isOwn":false,"isTest":false,"isJavaContent":false},{"kind":"binary","path":"/Users/hakan/.m2/repository/jakarta/activation/jakarta.activation-api/1.2.2/jakarta.activation-api-1.2.2.jar","sourceContainerUrl":"file:/Users/hakan/.m2/repository/jakarta/activation/jakarta.activation-api/1.2.2/jakarta.activation-api-1.2.2-sources.jar","javadocContainerUrl":"file:/Users/hakan/.m2/repository/jakarta/activation/jakarta.activation-api/1.2.2/jakarta.activation-api-1.2.2-javadoc.jar","isSystem":false,"isOwn":false,"isTest":false,"isJavaContent":false},{"kind":"binary","path":"/Users/hakan/.m2/repository/org/assertj/assertj-core/3.16.1/assertj-core-3.16.1.jar","sourceContainerUrl":"file:/Users/hakan/.m2/repository/org/assertj/assertj-core/3.16.1/assertj-core-3.16.1-sources.jar","javadocContainerUrl":"file:/Users/hakan/.m2/repository/org/assertj/assertj-core/3.16.1/assertj-core-3.16.1-javadoc.jar","isSystem":false,"isOwn":false,"isTest":false,"isJavaContent":false},{"kind":"binary","path":"/Users/hakan/.m2/repository/org/hamcrest/hamcrest/2.2/hamcrest-2.2.jar","sourceContainerUrl":"file:/Users/hakan/.m2/repository/org/hamcrest/hamcrest/2.2/hamcrest-2.2-sources.jar","javadocContainerUrl":"file:/Users/hakan/.m2/repository/org/hamcrest/hamcrest/2.2/hamcrest-2.2-javadoc.jar","isSystem":false,"isOwn":false,"isTest":false,"isJavaContent":false},{"kind":"binary","path":"/Users/hakan/.m2/repository/org/junit/jupiter/junit-jupiter/5.6.2/junit-jupiter-5.6.2.jar","sourceContainerUrl":"file:/Users/hakan/.m2/repository/org/junit/jupiter/junit-jupiter/5.6.2/junit-jupiter-5.6.2-sources.jar","javadocContainerUrl":"file:/Users/hakan/.m2/repository/org/junit/jupiter/junit-jupiter/5.6.2/junit-jupiter-5.6.2-javadoc.jar","isSystem":false,"isOwn":false,"isTest":false,"isJavaContent":false},{"kind":"binary","path":"/Users/hakan/.m2/repository/org/junit/jupiter/junit-jupiter-api/5.6.2/junit-jupiter-api-5.6.2.jar","sourceContainerUrl":"file:/Users/hakan/.m2/repository/org/junit/jupiter/junit-jupiter-api/5.6.2/junit-jupiter-api-5.6.2-sources.jar","javadocContainerUrl":"file:/Users/hakan/.m2/repository/org/junit/jupiter/junit-jupiter-api/5.6.2/junit-jupiter-api-5.6.2-javadoc.jar","isSystem":false,"isOwn":false,"isTest":false,"isJavaContent":false},{"kind":"binary","path":"/Users/hakan/.m2/repository/org/apiguardian/apiguardian-api/1.1.0/apiguardian-api-1.1.0.jar","sourceContainerUrl":"file:/Users/hakan/.m2/repository/org/apiguardian/apiguardian-api/1.1.0/apiguardian-api-1.1.0-sources.jar","javadocContainerUrl":"file:/Users/hakan/.m2/repository/org/apiguardian/apiguardian-api/1.1.0/apiguardian-api-1.1.0-javadoc.jar","isSystem":false,"isOwn":false,"isTest":false,"isJavaContent":false},{"kind":"binary","path":"/Users/hakan/.m2/repository/org/opentest4j/opentest4j/1.2.0/opentest4j-1.2.0.jar","sourceContainerUrl":"file:/Users/hakan/.m2/repository/org/opentest4j/opentest4j/1.2.0/opentest4j-1.2.0-sources.jar","javadocContainerUrl":"file:/Users/hakan/.m2/repository/org/opentest4j/opentest4j/1.2.0/opentest4j-1.2.0-javadoc.jar","isSystem":false,"isOwn":false,"isTest":false,"isJavaContent":false},{"kind":"binary","path":"/Users/hakan/.m2/repository/org/junit/platform/junit-platform-commons/1.6.2/junit-platform-commons-1.6.2.jar","sourceContainerUrl":"file:/Users/hakan/.m2/repository/org/junit/platform/junit-platform-commons/1.6.2/junit-platform-commons-1.6.2-sources.jar","javadocContainerUrl":"file:/Users/hakan/.m2/repository/org/junit/platform/junit-platform-commons/1.6.2/junit-platform-commons-1.6.2-javadoc.jar","isSystem":false,"isOwn":false,"isTest":false,"isJavaContent":false},{"kind":"binary","path":"/Users/hakan/.m2/repository/org/junit/jupiter/junit-jupiter-params/5.6.2/junit-jupiter-params-5.6.2.jar","sourceContainerUrl":"file:/Users/hakan/.m2/repository/org/junit/jupiter/junit-jupiter-params/5.6.2/junit-jupiter-params-5.6.2-sources.jar","javadocContainerUrl":"file:/Users/hakan/.m2/repository/org/junit/jupiter/junit-jupiter-params/5.6.2/junit-jupiter-params-5.6.2-javadoc.jar","isSystem":false,"isOwn":false,"isTest":false,"isJavaContent":false},{"kind":"binary","path":"/Users/hakan/.m2/repository/org/junit/jupiter/junit-jupiter-engine/5.6.2/junit-jupiter-engine-5.6.2.jar","sourceContainerUrl":"file:/Users/hakan/.m2/repository/org/junit/jupiter/junit-jupiter-engine/5.6.2/junit-jupiter-engine-5.6.2-sources.jar","javadocContainerUrl":"file:/Users/hakan/.m2/repository/org/junit/jupiter/junit-jupiter-engine/5.6.2/junit-jupiter-engine-5.6.2-javadoc.jar","isSystem":false,"isOwn":false,"isTest":false,"isJavaContent":false},{"kind":"binary","path":"/Users/hakan/.m2/repository/org/junit/platform/junit-platform-engine/1.6.2/junit-platform-engine-1.6.2.jar","sourceContainerUrl":"file:/Users/hakan/.m2/repository/org/junit/platform/junit-platform-engine/1.6.2/junit-platform-engine-1.6.2-sources.jar","javadocContainerUrl":"file:/Users/hakan/.m2/repository/org/junit/platform/junit-platform-engine/1.6.2/junit-platform-engine-1.6.2-javadoc.jar","isSystem":false,"isOwn":false,"isTest":false,"isJavaContent":false},{"kind":"binary","path":"/Users/hakan/.m2/repository/org/mockito/mockito-core/3.3.3/mockito-core-3.3.3.jar","sourceContainerUrl":"file:/Users/hakan/.m2/repository/org/mockito/mockito-core/3.3.3/mockito-core-3.3.3-sources.jar","javadocContainerUrl":"file:/Users/hakan/.m2/repository/org/mockito/mockito-core/3.3.3/mockito-core-3.3.3-javadoc.jar","isSystem":false,"isOwn":false,"isTest":false,"isJavaContent":false},{"kind":"binary","path":"/Users/hakan/.m2/repository/net/bytebuddy/byte-buddy/1.10.14/byte-buddy-1.10.14.jar","sourceContainerUrl":"file:/Users/hakan/.m2/repository/net/bytebuddy/byte-buddy/1.10.14/byte-buddy-1.10.14-sources.jar","javadocContainerUrl":"file:/Users/hakan/.m2/repository/net/bytebuddy/byte-buddy/1.10.14/byte-buddy-1.10.14-javadoc.jar","isSystem":false,"isOwn":false,"isTest":false,"isJavaContent":false},{"kind":"binary","path":"/Users/hakan/.m2/repository/net/bytebuddy/byte-buddy-agent/1.10.14/byte-buddy-agent-1.10.14.jar","sourceContainerUrl":"file:/Users/hakan/.m2/repository/net/bytebuddy/byte-buddy-agent/1.10.14/byte-buddy-agent-1.10.14-sources.jar","javadocContainerUrl":"file:/Users/hakan/.m2/repository/net/bytebuddy/byte-buddy-agent/1.10.14/byte-buddy-agent-1.10.14-javadoc.jar","isSystem":false,"isOwn":false,"isTest":false,"isJavaContent":false},{"kind":"binary","path":"/Users/hakan/.m2/repository/org/objenesis/objenesis/2.6/objenesis-2.6.jar","sourceContainerUrl":"file:/Users/hakan/.m2/repository/org/objenesis/objenesis/2.6/objenesis-2.6-sources.jar","javadocContainerUrl":"file:/Users/hakan/.m2/repository/org/objenesis/objenesis/2.6/objenesis-2.6-javadoc.jar","isSystem":false,"isOwn":false,"isTest":false,"isJavaContent":false},{"kind":"binary","path":"/Users/hakan/.m2/repository/org/mockito/mockito-junit-jupiter/3.3.3/mockito-junit-jupiter-3.3.3.jar","sourceContainerUrl":"file:/Users/hakan/.m2/repository/org/mockito/mockito-junit-jupiter/3.3.3/mockito-junit-jupiter-3.3.3-sources.jar","javadocContainerUrl":"file:/Users/hakan/.m2/repository/org/mockito/mockito-junit-jupiter/3.3.3/mockito-junit-jupiter-3.3.3-javadoc.jar","isSystem":false,"isOwn":false,"isTest":false,"isJavaContent":false},{"kind":"binary","path":"/Users/hakan/.m2/repository/org/skyscreamer/jsonassert/1.5.0/jsonassert-1.5.0.jar","sourceContainerUrl":"file:/Users/hakan/.m2/repository/org/skyscreamer/jsonassert/1.5.0/jsonassert-1.5.0-sources.jar","javadocContainerUrl":"file:/Users/hakan/.m2/repository/org/skyscreamer/jsonassert/1.5.0/jsonassert-1.5.0-javadoc.jar","isSystem":false,"isOwn":false,"isTest":false,"isJavaContent":false},{"kind":"binary","path":"/Users/hakan/.m2/repository/com/vaadin/external/google/android-json/0.0.20131108.vaadin1/android-json-0.0.20131108.vaadin1.jar","sourceContainerUrl":"file:/Users/hakan/.m2/repository/com/vaadin/external/google/android-json/0.0.20131108.vaadin1/android-json-0.0.20131108.vaadin1-sources.jar","javadocContainerUrl":"file:/Users/hakan/.m2/repository/com/vaadin/external/google/android-json/0.0.20131108.vaadin1/android-json-0.0.20131108.vaadin1-javadoc.jar","isSystem":false,"isOwn":false,"isTest":false,"isJavaContent":false},{"kind":"binary","path":"/Users/hakan/.m2/repository/org/springframework/spring-core/5.2.8.RELEASE/spring-core-5.2.8.RELEASE.jar","sourceContainerUrl":"file:/Users/hakan/.m2/repository/org/springframework/spring-core/5.2.8.RELEASE/spring-core-5.2.8.RELEASE-sources.jar","javadocContainerUrl":"file:/Users/hakan/.m2/repository/org/springframework/spring-core/5.2.8.RELEASE/spring-core-5.2.8.RELEASE-javadoc.jar","isSystem":false,"isOwn":false,"isTest":false,"isJavaContent":false},{"kind":"binary","path":"/Users/hakan/.m2/repository/org/springframework/spring-jcl/5.2.8.RELEASE/spring-jcl-5.2.8.RELEASE.jar","sourceContainerUrl":"file:/Users/hakan/.m2/repository/org/springframework/spring-jcl/5.2.8.RELEASE/spring-jcl-5.2.8.RELEASE-sources.jar","javadocContainerUrl":"file:/Users/hakan/.m2/repository/org/springframework/spring-jcl/5.2.8.RELEASE/spring-jcl-5.2.8.RELEASE-javadoc.jar","isSystem":false,"isOwn":false,"isTest":false,"isJavaContent":false},{"kind":"binary","path":"/Users/hakan/.m2/repository/org/springframework/spring-test/5.2.8.RELEASE/spring-test-5.2.8.RELEASE.jar","sourceContainerUrl":"file:/Users/hakan/.m2/repository/org/springframework/spring-test/5.2.8.RELEASE/spring-test-5.2.8.RELEASE-sources.jar","javadocContainerUrl":"file:/Users/hakan/.m2/repository/org/springframework/spring-test/5.2.8.RELEASE/spring-test-5.2.8.RELEASE-javadoc.jar","isSystem":false,"isOwn":false,"isTest":false,"isJavaContent":false},{"kind":"binary","path":"/Users/hakan/.m2/repository/org/xmlunit/xmlunit-core/2.7.0/xmlunit-core-2.7.0.jar","sourceContainerUrl":"file:/Users/hakan/.m2/repository/org/xmlunit/xmlunit-core/2.7.0/xmlunit-core-2.7.0-sources.jar","javadocContainerUrl":"file:/Users/hakan/.m2/repository/org/xmlunit/xmlunit-core/2.7.0/xmlunit-core-2.7.0-javadoc.jar","isSystem":false,"isOwn":false,"isTest":false,"isJavaContent":false},{"kind":"binary","path":"/Users/hakan/.m2/repository/org/springframework/boot/spring-boot-devtools/2.3.3.RELEASE/spring-boot-devtools-2.3.3.RELEASE.jar","sourceContainerUrl":"file:/Users/hakan/.m2/repository/org/springframework/boot/spring-boot-devtools/2.3.3.RELEASE/spring-boot-devtools-2.3.3.RELEASE-sources.jar","javadocContainerUrl":"file:/Users/hakan/.m2/repository/org/springframework/boot/spring-boot-devtools/2.3.3.RELEASE/spring-boot-devtools-2.3.3.RELEASE-javadoc.jar","isSystem":false,"isOwn":false,"isTest":false,"isJavaContent":false},{"kind":"binary","path":"/Users/hakan/.m2/repository/org/springframework/boot/spring-boot/2.3.3.RELEASE/spring-boot-2.3.3.RELEASE.jar","sourceContainerUrl":"file:/Users/hakan/.m2/repository/org/springframework/boot/spring-boot/2.3.3.RELEASE/spring-boot-2.3.3.RELEASE-sources.jar","javadocContainerUrl":"file:/Users/hakan/.m2/repository/org/springframework/boot/spring-boot/2.3.3.RELEASE/spring-boot-2.3.3.RELEASE-javadoc.jar","isSystem":false,"isOwn":false,"isTest":false,"isJavaContent":false},{"kind":"binary","path":"/Users/hakan/.m2/repository/org/springframework/boot/spring-boot-autoconfigure/2.3.3.RELEASE/spring-boot-autoconfigure-2.3.3.RELEASE.jar","sourceContainerUrl":"file:/Users/hakan/.m2/repository/org/springframework/boot/spring-boot-autoconfigure/2.3.3.RELEASE/spring-boot-autoconfigure-2.3.3.RELEASE-sources.jar","javadocContainerUrl":"file:/Users/hakan/.m2/repository/org/springframework/boot/spring-boot-autoconfigure/2.3.3.RELEASE/spring-boot-autoconfigure-2.3.3.RELEASE-javadoc.jar","isSystem":false,"isOwn":false,"isTest":false,"isJavaContent":false},{"kind":"source","path":"/Users/hakan/Documents/t_spring/1-Days/src/main/java","outputFolder":"/Users/hakan/Documents/t_spring/1-Days/target/classes","javadocContainerUrl":"file:/Users/hakan/Documents/t_spring/1-Days/target/site/apidocs","isSystem":false,"isOwn":true,"isTest":false,"isJavaContent":true},{"kind":"source","path":"/Users/hakan/Documents/t_spring/1-Days/src/test/java","outputFolder":"/Users/hakan/Documents/t_spring/1-Days/target/test-classes","javadocContainerUrl":"file:/Users/hakan/Documents/t_spring/1-Days/target/site/apidocs","isSystem":false,"isOwn":true,"isTest":true,"isJavaContent":true},{"kind":"source","path":"/Users/hakan/Documents/t_spring/1-Days/src/main/resources","outputFolder":"/Users/hakan/Documents/t_spring/1-Days/target/classes","isSystem":false,"isOwn":true,"isTest":false,"isJavaContent":false},{"kind":"source","path":"/Users/hakan/Documents/t_spring/1-Days/src/test/resources","outputFolder":"/Users/hakan/Documents/t_spring/1-Days/target/test-classes","isSystem":false,"isOwn":true,"isTest":true,"isJavaContent":false},{"kind":"source","path":"/Users/hakan/Documents/t_spring/1-Days/src/test/java","outputFolder":"/Users/hakan/Documents/t_spring/1-Days/target/test-classes","javadocContainerUrl":"file:/Users/hakan/Documents/t_spring/1-Days/target/site/apidocs","isSystem":false,"isOwn":true,"isTest":false,"isJavaContent":false}]}